Workbook
Name _100_TOTAL: #REF!
Name _101_PACKAGE_GROUP: #REF!
Name _102_PACKAGE_GROUP_DATE: #REF!
Name _103_TOTAL_DATE: #REF!
Name _200_SHOP_CODE_PACKAGE: #REF!
Name _300_SECTOR_AREA_PACKAGE: #REF!
Name action: #REF!
Name action1: #REF!
Name Agosto: #REF!
Name AM: #REF!
Name Area: INDIRECT("Master!$A$10:$A$" & (#REF!+9))
Name AreaDeptN: INDIRECT("DeptCode!$B$" & (#REF!+1) & ":$B$" & COUNTIF(#REF!,#REF!)+#REF!)
Name AreaNo: COUNTA([1]Master!$A$10:$A$1000)
Name AreaRow: MATCH([2]Form!$L1,[2]DeptCode!$F$2:$F$624,0)
Name ARPU_USD: '[3]Asumptions - Operator'!$B$11
Name avg_top_up: '[3]Asumptions - Operator'!$B$14
Name avg_up_rate: '[3]Asumptions - Operator'!$B$14
Name baht: [4]StaffCosts!$S$12
Name ben: [5]Function!$C$1:$C$2
Name Code_RS6: #REF!
Name company: [6]Sheet1!$D$12
Name Control: #N/A
Name Cover_Author: #REF!
Name Cover_Date: #REF!
Name Cover_Ver: #REF!
Name Date: INDIRECT(CONCATENATE("List!$H$1:$H$",COUNT(#REF!)))
Name Day: #REF!
Name DayA: [7]Input!$E$3
Name DeptList: [8]DeptCode!$D$373:$D$391
Name District_Lookup_EnTh: '[9]District Lookup'!$C$2:$E$1040
Name End_date: #REF!
Name Essai: #REF!
Name Excel_BuiltIn_Print_Area_1: #REF!
Name f: #REF!
Name fe: [10]data!#REF!
Name Func: [11]Master!$G$1:$G$19
Name function: [1]Master!$D$1:$D$3
Name gr: #REF!
Name head1: #REF!
Name jk: #REF!
Name l: [12]Sheet2!$A$1:$A$4
Name LE: #REF!
Name Level: #REF!
Name LF: #REF!
Name Local_Currency: "THB"
Name m_hold: OFFSET(#REF!,0,34,COUNTA(#REF!)-1,1)
Name m_idx_ABN: OFFSET(#REF!,0,28,COUNTA(#REF!)-1,1)
Name m_idx_AHT: OFFSET(#REF!,0,30,COUNTA(#REF!)-1,1)
Name m_idx_SLA: OFFSET(#REF!,0,27,COUNTA(#REF!)-1,1)
Name m_offer: OFFSET(#REF!,0,2,COUNTA(#REF!)-1,1)
Name m_offer_post: OFFSET(#REF!,0,3,COUNTA(#REF!)-1,1)
Name m_pcnt_aban: OFFSET(#REF!,0,13,COUNTA(#REF!)-1,1)
Name m_pcnt_aux_nonwork: OFFSET(#REF!,0,21,COUNTA(#REF!)-1,1)
Name m_pcnt_avail: OFFSET(#REF!,0,20,COUNTA(#REF!)-1,1)
Name m_pcnt_handle: OFFSET(#REF!,0,12,COUNTA(#REF!)-1,1)
Name m_pcnt_occ1: OFFSET(#REF!,0,17,COUNTA(#REF!)-1,1)
Name m_pcnt_occ2: OFFSET(#REF!,0,18,COUNTA(#REF!)-1,1)
Name m_pcnt_occ3: OFFSET(#REF!,0,19,COUNTA(#REF!)-1,1)
Name m_sla: OFFSET(#REF!,0,14,COUNTA(#REF!)-1,1)
Name m_talk: OFFSET(#REF!,0,32,COUNTA(#REF!)-1,1)

Sheet รายชื่อผู้เข้าร่วมการแข่งขัน
I1: Data as of | J1: 46284
A3: รายชื่อพนักงานผู้ร่วมเข้าชิงรางวัลการขายเบอร์มงคล | I3: =SUM(I5:I142) -> 1991
A4: No | B4: Sale Name | C4: Sales ID | D4: emp_type | E4: shop_code | F4: Shop Name | G4: Area | H4: Shop Type | I4: Actual Aug END Month | J4: Actual Sep 69
A5: 1 | B5: พณารัตน์ กัณสินธุ์ | C5: 010N8978 | D5: RR_Multi | E5: 80100760 | F5: True Shop Lotus's Nakhonphanom | G5: UPC - Upper Northeast | H5: Non_Matching | I5: 35 | J5: =IFERROR(VLOOKUP(C5,Data!A:B,2,0),0) -> 26 | K5: =J5/13*31 -> 62
A6: 76 | B6: จุรีรัตน์ เจริญรอย | C6: 01089510 | D6: RR_Multi | E6: 80101266 | F6: True Shop Central Ubonratchathani | G6: UPC - Central Northeast | H6: Matching | I6: 13 | J6: =IFERROR(VLOOKUP(C6,Data!A:B,2,0),0) -> 14 | K6: =J6/13*31 -> 33.384615
A7: 3 | B7: ปุณยานุช จันทร์ชม | C7: 12809537 | D7: RR_Multi | E7: 80100854 | F7: True Shop Mini Lomsak Phetchabun | G7: UPC - Lower North | H7: Non_Matching | I7: 27 | J7: =IFERROR(VLOOKUP(C7,Data!A:B,2,0),0) -> 19 | K7: =J7/13*31 -> 45.307692
A8: 108 | B8: ธนาทร ขวัญวาจา | C8: 010H3861 | D8: RR_ITF_Apple | E8: 80100476 | F8: True Shop Central Festival Phuket | G8: UPC - Upper South | H8: Matching | I8: 11 | J8: =IFERROR(VLOOKUP(C8,Data!A:B,2,0),0) -> 19 | K8: =J8/13*31 -> 45.307692
A9: 6 | B9: รจชรี ชนะพาล | C9: 01096006 | D9: RR_ITF | E9: 80100476 | F9: True Shop Central Festival Phuket | G9: UPC - Upper South | H9: Matching | I9: 24 | J9: =IFERROR(VLOOKUP(C9,Data!A:B,2,0),0) -> 20 | K9: =J9/13*31 -> 47.692308
A10: 11 | B10: พฤษจิกา โนนพะยอม | C10: 01094584 | D10: Ret_chpn_1 | E10: 80101198 | F10: True Shop Central Phitsanulok | G10: UPC - Lower North | H10: Matching | I10: 21 | J10: =IFERROR(VLOOKUP(C10,Data!A:B,2,0),0) -> 17 | K10: =J10/13*31 -> 40.538462
A11: 24 | B11: สมฤทัย ยิ้มน้อย | C11: 010J5766 | D11: RR_Multi | E11: 80100782 | F11: True Shop Lotus's Thaluang Phichit | G11: UPC - Lower North | H11: Non_Matching | I11: 17 | J11: =IFERROR(VLOOKUP(C11,Data!A:B,2,0),0) -> 17 | K11: =J11/13*31 -> 40.538462
A12: 12 | B12: ทิตยา ดวงแก้ว | C12: 010N4244 | D12: RR_Multi | E12: 80100782 | F12: True Shop Lotus's Thaluang Phichit | G12: UPC - Lower North | H12: Non_Matching | I12: 20 | J12: =IFERROR(VLOOKUP(C12,Data!A:B,2,0),0) -> 14 | K12: =J12/13*31 -> 33.384615
A13: 30 | B13: ช่อผกา วงศ์วุฒิ | C13: 010L4971 | D13: RR_Multi | E13: 80100750 | F13: True Shop Lotus's Fang Chiangmai | G13: UPC - Upper North | H13: Non_Matching | I13: 16 | J13: =IFERROR(VLOOKUP(C13,Data!A:B,2,0),0) -> 12 | K13: =J13/13*31 -> 28.615385
A14: 47 | B14: สุทธิดา ก๋าวี | C14: 12809638 | D14: RR_Multi | E14: 80100476 | F14: True Shop Central Festival Phuket | G14: UPC - Upper South | H14: Matching | I14: 14 | J14: =IFERROR(VLOOKUP(C14,Data!A:B,2,0),0) -> 14 | K14: =J14/13*31 -> 33.384615
A15: 69 | B15: วชิรวิทย์ ท้าวชัย | C15: 12809315 | D15: RR_ITF | E15: 80101117 | F15: True Shop Central Lampang | G15: UPC - Upper North | H15: Matching | I15: 13 | J15: =IFERROR(VLOOKUP(C15,Data!A:B,2,0),0) -> 9 | K15: =J15/13*31 -> 21.461538
A16: 124 | B16: ปาริชาติ ปะวะภูชะโก | C16: 01089487 | D16: RR_ITF | E16: 80101303 | F16: True Shop Robinson Roi-Et | G16: UPC - Central Northeast | H16: Matching | I16: 11 | J16: =IFERROR(VLOOKUP(C16,Data!A:B,2,0),0) -> 12 | K16: =J16/13*31 -> 28.615385
... A142: 137 | B142: ฉัตรชัย อุดมถิ่น | C142: 010J4577 | D142: RR_Multi | E142: 80101309 | F142: True Shop Robinson Mukdahan | G142: UPC - Central Northeast | H142: Non_Matching | I142: 11 | J142: =IFERROR(VLOOKUP(C142,Data!A:B,2,0),0) -> 2 | K142: =J142/13*31 -> 4.7692308

Sheet Data
A1: Activity Type Group | B1: NEW
A2: Activation Month | B2: 202609
A3: Channel | B3: (All)
A4: type | B4: (All)
A6: Row Labels | B6: Sum of Postpay_Subs | C6: Sum of NET RC Adjusted
A7: (blank) | B7: 49 | C7: 28052
A8: 01099927 | B8: 32 | C8: 33618
A9: 010N8978 | B9: 26 | C9: 14174
A10: 12808654 | B10: 25 | C10: 15275
A11: 010E0152 | B11: 22 | C11: 21578
A12: 01096006 | B12: 20 | C12: 12580
A13: 12809537 | B13: 19 | C13: 10231
A14: 010H3861 | B14: 19 | C14: 12381
A15: 01074715 | B15: 18 | C15: 10882
A16: 12809581 | B16: 17 | C16: 8733
A17: 010J5766 | B17: 17 | C17: 11083
A18: 01094584 | B18: 17 | C18: 10133
... A1293: Grand Total | B1293: 4901 | C1293: 3216126.5
